{"stat.crouchOneCm":259,"stat.useItem.minecraft.glass_pane":43,"stat.useItem.minecraft.fence":9,"achievement.exploreAllBiomes":{"value":0,"progress":["Beach","Plains"]},"achievement.openInventory":9,"stat.useItem.minecraft.heavy_weighted_pressure_plate":1,"stat.useItem.minecraft.planks":42,"stat.talkedToVillager":1,"stat.useItem.minecraft.oak_stairs":5,"stat.fallOneCm":422,"stat.flyOneCm":115629,"stat.timeSinceDeath":0,"stat.leaveGame":1,"stat.playOneMinute":43932,"stat.deaths":1,"stat.jump":65,"stat.walkOneCm":43414,"stat.sprintOneCm":7970,"stat.useItem.minecraft.dirt":22}