{"stat.useItem.minecraft.glass_pane":34,"stat.crouchOneCm":4794,"stat.useItem.minecraft.command_block":4,"achievement.openInventory":79,"stat.damageDealt":630,"stat.useItem.minecraft.fence":8,"achievement.exploreAllBiomes":{"value":0,"progress":["Forest","Ocean","Plains","Beach","ForestHills"]},"stat.useItem.minecraft.item_frame":1,"stat.useItem.minecraft.planks":135,"stat.useItem.minecraft.end_portal_frame":1,"stat.fallOneCm":2737,"stat.useItem.minecraft.skull":4,"stat.flyOneCm":413038,"stat.useItem.minecraft.diamond_sword":6,"stat.useItem.minecraft.stone":4,"stat.hopperInspected":2,"stat.drop":3,"stat.damageTaken":60,"stat.timeSinceDeath":888,"stat.useItem.minecraft.barrier":9,"stat.leaveGame":5,"stat.killEntity.Creeper":2,"stat.useItem.minecraft.ender_eye":1,"stat.useItem.minecraft.lever":7,"stat.playOneMinute":136791,"stat.useItem.minecraft.redstone_torch":3,"stat.deaths":2,"stat.jump":382,"stat.swimOneCm":1954,"stat.mobKills":2,"stat.walkOneCm":151462,"stat.useItem.minecraft.sign":4,"stat.useItem.minecraft.sea_lantern":9,"stat.sprintOneCm":49960,"stat.useItem.minecraft.dirt":9}