{"stat.useItem.minecraft.glass_pane":1,"stat.useItem.minecraft.redstone_block":4,"stat.crouchOneCm":4381,"stat.useItem.minecraft.command_block":7,"stat.useItem.minecraft.wooden_door":6,"achievement.openInventory":67,"stat.useItem.minecraft.sticky_piston":3,"stat.useItem.minecraft.fence":9,"achievement.exploreAllBiomes":{"value":0,"progress":["Forest","Plains","Beach"]},"stat.useItem.minecraft.iron_block":71,"stat.useItem.minecraft.planks":318,"stat.fallOneCm":211,"stat.flyOneCm":136699,"stat.useItem.minecraft.stone":14,"stat.useItem.minecraft.redstone_lamp":1,"stat.useItem.minecraft.redstone":93,"stat.useItem.minecraft.oak_stairs":14,"stat.drop":1,"stat.timeSinceDeath":1336,"stat.useItem.minecraft.hopper":8,"stat.useItem.minecraft.barrier":363,"stat.leaveGame":4,"stat.useItem.minecraft.comparator":2,"stat.useItem.minecraft.glowstone":102,"stat.useItem.minecraft.lever":18,"stat.playOneMinute":145419,"stat.useItem.minecraft.redstone_torch":24,"stat.walkOneCm":126461,"stat.deaths":3,"stat.jump":251,"stat.useItem.minecraft.sign":4,"stat.sprintOneCm":4083,"stat.useItem.minecraft.dirt":19}